Level1,Level2,Level3,Level4,Federal,State,Local
Central-North,CN-3,05589,NULL,185604.3991,216770.8488,61147.3335
Central-North,CN-2,0594,NULL,96750.7438,100988.1242,34479.7526
Central,C-4,05136,NULL,173081.4898,230478.9318,69639.1246
North,N-4,05470,NULL,48502.8101,30296.5430,13056.5339
South-East,SE-1,05438,NULL,282223.4721,129526.6960,124787.0574
North,N-4,0581,NULL,261294.3525,275083.8958,88853.8386
Central,C-4,05647,NULL,48967.5816,0.0000,17053.5335
North,N-2,05464,NULL,54097.6575,87368.6386,17681.4005
South-East,SE-4,05441,NULL,67366.9718,91618.7059,26026.3812
Central,C-3,05283,NULL,112057.0183,83225.2588,34929.4954
Central-North,CN-6,05526,NULL,47665.2570,45513.7149,14376.8952
E-COMMERCE,YAHOO,05991,NULL,1942662.8386,835778.9650,417946.3632
North-East,NE-2,0514,NULL,84975.9342,93830.3437,30951.6196
South-East,SE-4,05309,NULL,30274.9815,25940.6949,16553.7242
Central-North,CN-3,05533,NULL,40291.0288,69555.9908,11342.7053
Central,C-4,05648,NULL,26619.0766,0.0000,8313.1047
South-East,SE-2,05447,NULL,47940.2857,51687.3332,14503.5243
North-East,NE-3,05466,NULL,151956.7004,158202.1540,48260.9817
Central,C-8,05279,NULL,55194.8993,64507.6204,12946.3617
North-East,NE-6,05236,NULL,76270.7608,56525.9613,24418.2571
Central-North,CN-3,05243,NULL,97479.4186,83695.5814,32670.6201
DUMMY,DUMMY,05986,NULL,NULL,NULL,NULL
North,N-1,05653,NULL,130734.0850,0.0000,43464.2477
North,N-4,05219,NULL,57388.0382,91648.7904,17376.6858
North,N-3,0534,NULL,56868.6676,85982.9519,17820.6389
North,N-1,05295,NULL,143363.1233,100898.2762,52617.7048
CLOSE,CLOSE,0548,NULL,NULL,NULL,NULL
Central-South,CS-4,05382,NULL,164891.5975,238217.5932,74999.1809
North,N-1,05628,NULL,0.0000,117604.8295,0.0000
CLOSE,CLOSE,05289,NULL,NULL,NULL,NULL
North,N-3,05540,NULL,42767.8387,51684.9713,14543.1533
North-East,NE-1,0525,NULL,193922.3065,173707.0964,52200.5333
North-East,NE-4,0546,NULL,114592.0567,87047.6684,34911.7433
DUMMY,DUMMY,05931,NULL,NULL,NULL,NULL
South-East,SE-5,0575,NULL,60657.3623,81596.0199,17166.6003
E-COMMERCE,WATSONS_PICK_UP,05993,NULL,76567.8567,49128.7814,27638.7623
NULL,,99990,NULL,NULL,NULL,NULL
North,N-1,05504,NULL,124796.6282,155539.9804,39381.0200
DUMMY,DUMMY,05916,NULL,NULL,NULL,NULL
Central-North,CN-1,05398,NULL,92514.3348,89817.1341,24077.0390
North,N-3,05200,NULL,132026.6180,152084.4951,38838.1426
DUMMY,DUMMY,05912,NULL,NULL,NULL,NULL
Central-North,CN-3,05621,NULL,76388.0966,35291.7999,35474.5438
Central,C-2,05404,NULL,39629.2190,37679.3150,13926.3620
CLOSE,CLOSE,05125,NULL,NULL,NULL,NULL
Central-South,CS-4,05613,NULL,25678.5146,34509.9817,7357.2288
Central,C-5,05482,NULL,80307.5995,86986.2291,32096.8096
North-East,NE-1,05298,NULL,53840.9244,40330.6862,21322.2861
North-East,NE-3,05498,NULL,116619.0221,110904.1917,38570.5815
Central-North,CN-5,05550,NULL,29791.5237,38935.5994,11728.0765
Central-North,CN-5,05555,NULL,46660.3811,47547.6862,24968.3621
CLOSE,CLOSE,05365,NULL,NULL,NULL,NULL
Central-North,CN-8,05477,NULL,63159.2295,79662.5337,23063.0199
North,N-4,0583,NULL,31173.9054,46055.9337,8439.5909
North-East,NE-7,05284,NULL,56517.2105,64257.2768,18613.1054
Central-North,CN-6,05209,NULL,66378.3838,94916.4007,26098.7247
Central-North,CN-3,05280,NULL,71144.6034,84215.5430,14037.2195
North,N-1,05333,NULL,105505.0250,97029.4480,33147.5250
Central-South,CS-3,05412,NULL,58502.4867,41249.5530,26838.1153
North-East,NE-7,05153,NULL,87723.2278,94663.9901,20689.0480
Central,C-7,05157,NULL,96293.7440,98979.7050,38263.9720
Central-South,CS-4,05364,NULL,50515.3618,101697.6672,17462.0002
Central,C-1,05569,NULL,117098.6098,56017.4006,24183.9817
South-East,SE-1,05117,NULL,106670.1906,91302.9630,38033.3336
North-East,NE-1,05383,NULL,130966.5733,104544.6200,45303.9252
Central,C-1,05597,NULL,32839.2769,37834.0565,14179.0199
DUMMY,DUMMY,05886,NULL,0.0000,0.0000,0.0000
South-East,SE-6,05240,NULL,36318.6572,47618.9241,12123.9049
Central,C-8,05453,NULL,32074.7627,40814.9712,15078.8004
Central-North,CN-4,05340,NULL,95053.4388,87950.7043,27028.4292
Central,C-5,05251,NULL,87677.1048,120448.9329,31744.3904
North,N-4,05172,NULL,65978.9725,76462.7427,17478.7724
Central-North,CN-6,05517,NULL,48751.2386,51107.5421,14834.8959
Central-North,CN-3,05576,NULL,51126.2771,58323.9435,17983.0290
North-East,NE-5,05300,NULL,85331.2245,80677.3711,27793.3341
North,N-3,05220,NULL,60741.5356,77685.6766,22681.2204
CLOSE,CLOSE,05392,NULL,NULL,NULL,NULL
North-East,NE-4,05624,NULL,32279.1342,29447.0004,12436.9526
North,N-3,05487,NULL,28278.4288,29579.9899,7380.1526
Central,C-1,05475,NULL,67968.6869,102495.7726,26752.4103
North-East,NE-1,05496,NULL,46907.7666,49828.1523,13163.6288
North-East,NE-6,05171,NULL,131426.7832,163577.1348,38248.6589
Central,C-5,05625,NULL,47894.1346,54423.8094,16542.9816
Central-South,CS-1,05336,NULL,42972.1004,61853.4095,18659.9434
South-East,SE-6,05444,NULL,49709.6493,25591.3525,13937.4861
North,N-2,0545,NULL,138912.6595,155457.7721,41817.6957
North-East,NE-1,05633,NULL,53206.6285,55712.3811,15579.7339
South-East,SE-6,05530,NULL,51785.5861,49431.2761,18679.8673
CLOSE,CLOSE,05293,NULL,NULL,NULL,NULL
South-East,SE-5,05121,NULL,26598.6147,34059.4477,6258.9053
South-East,SE-2,05380,NULL,72587.1049,118072.7239,30597.6002
North-East,NE-4,05286,NULL,76395.4414,75815.4948,26926.4103
Central,C-6,05608,NULL,41438.9815,65569.4672,15403.8002
Central-North,CN-8,05111,NULL,55203.7622,53285.2578,13720.0382
Central-North,CN-8,05285,NULL,58945.1058,70830.9626,21039.7819
North,N-2,05554,NULL,0.0000,0.0000,0.0000
Central-North,CN-4,05583,NULL,45785.8670,45766.4387,14732.8862
CLOSE,CLOSE,05252,NULL,NULL,NULL,NULL
Central-North,CN-5,05342,NULL,44902.7138,58788.0473,17839.9239
North,N-1,0519,NULL,70919.8528,85924.6772,18905.0674
Central,C-8,05343,NULL,49801.9433,81590.7149,16068.7626
Central,C-3,0584,NULL,122673.6901,102641.3814,44095.6573
North-East,NE-1,05418,NULL,45775.9997,47282.8772,15405.2571
Central-North,CN-2,05257,NULL,51887.0149,63884.0767,13833.0863
South-East,SE-2,05144,NULL,71374.5144,70365.2388,25254.4193
Central,C-7,05497,NULL,62359.3695,79724.3998,18004.1814
North-East,NE-7,05612,NULL,43976.3237,25384.8481,12625.7810
South-East,SE-3,05635,NULL,40471.0294,37698.7912,17006.7527
North,N-1,05616,NULL,63091.0584,76856.1047,18501.9522
Central-South,CS-2,05578,NULL,22965.5807,20234.7524,8197.0097
Central-North,CN-1,05596,NULL,45824.4441,57966.5902,11682.5057
Central-North,CN-2,05619,NULL,42458.8722,40611.4189,13199.5623
Central-North,CN-1,05592,NULL,32267.8817,34861.4863,9285.4670
North-East,NE-1,05367,NULL,75413.8193,55223.7905,27843.5909
South-East,SE-3,05629,NULL,67232.1400,71195.4964,21653.4552
Central,C-6,05426,NULL,32394.5909,31862.3999,14927.4193
DUMMY,DUMMY,05913,NULL,NULL,NULL,NULL
Central-South,CS-4,05565,NULL,44570.8291,74879.3913,22612.5911
North-East,NE-5,0559,NULL,89540.0386,102221.4579,23630.1251
Central-South,CS-2,05322,NULL,48920.5381,66783.3538,18478.6192
North,N-2,05568,NULL,108044.8683,128198.0768,38016.5045
Central-North,CN-1,05637,NULL,69654.9903,62459.0011,33973.9045
South-East,SE-3,05379,NULL,46575.1333,49956.9145,15443.6002
DUMMY,DUMMY,05989,NULL,NULL,NULL,NULL
Central,C-2,05546,NULL,0.0000,0.0000,0.0000
Central-North,CN-1,05151,NULL,115769.8468,157400.8590,44406.5905
Central,C-1,05396,NULL,63562.0672,94976.5816,19656.7436
North,N-1,05456,NULL,210497.9657,203385.1630,69519.4491
North,N-5,05659,NULL,74245.8778,0.0000,19118.9155
Central-South,CS-2,05357,NULL,57689.5807,53541.2959,24353.3908
Central,C-5,05409,NULL,56305.5522,55395.8475,23914.4475
Central-South,CS-1,05275,NULL,36480.3198,69805.7517,7946.7434
North-East,NE-2,05528,NULL,60973.4188,57753.3333,20610.9057
North-East,NE-2,05548,NULL,50951.5340,57439.2662,17628.8956
South-East,SE-6,05155,NULL,82824.2860,76805.6848,30259.3718
South-East,SE-1,05345,NULL,81085.5242,88337.2770,31017.7711
North-East,NE-7,05184,NULL,168496.9868,130784.0666,62936.9830
Central,C-4,05484,NULL,47812.3615,62146.8102,13426.1623
Central-South,CS-4,05525,NULL,48343.5450,38344.7903,17597.5907
Central-North,CN-3,05560,NULL,40579.2476,69426.2858,11567.9810
Central-North,CN-7,05553,NULL,0.0000,0.0000,0.0000
North,N-3,05178,NULL,101543.2707,98343.0192,31183.6393
North,N-2,05636,NULL,40351.5236,40678.3427,11786.9432
Central-North,CN-6,05195,NULL,204261.0768,220240.7543,61677.7628
North,N-3,05518,NULL,151383.1203,138928.8951,43449.6205
CLOSE,CLOSE,05213,NULL,NULL,NULL,NULL
Central-North,CN-6,05655,NULL,56403.5153,0.0000,22955.0192
North-East,NE-4,05161,NULL,104854.3817,88447.3435,29770.6577
North,N-2,05572,NULL,58317.1240,62306.5241,22140.4288
Central,C-5,05401,NULL,97559.7437,116960.6950,42900.9335
Central,C-5,05476,NULL,41755.1525,79044.9809,14455.4669
North-East,NE-3,05652,NULL,80639.7426,0.0000,22476.2103
North-East,NE-3,05310,NULL,93674.7414,82580.1055,32053.3625
Central-North,CN-8,05145,NULL,68928.8007,76248.7999,22793.2677
North-East,NE-7,05231,NULL,54532.6192,60918.7627,21082.9712
Central-North,CN-5,05228,NULL,57736.1236,76651.0958,14680.0192
Central-North,CN-5,05384,NULL,56930.4292,59130.0761,20967.5337
Central,C-2,05502,NULL,57828.1480,53289.0384,20989.5245
Central,C-8,05370,NULL,39143.3055,54772.2093,15603.5909
North,N-1,05469,NULL,1163047.8734,1299532.3951,473365.3161
DUMMY,DUMMY,05981,NULL,NULL,NULL,NULL
North-East,NE-7,0554,NULL,68186.2758,69119.0775,19289.3338
South-East,SE-6,05527,NULL,49437.6483,46367.8852,23683.2292
Central-North,CN-3,05338,NULL,113643.6634,131384.2870,46142.0200
North-East,NE-6,0512,NULL,74934.8010,67734.3713,21735.7908
North-East,NE-4,05373,NULL,0.0000,141227.8267,0.0000
South-East,SE-1,05582,NULL,35528.9436,26268.1147,14093.2864
South-East,SE-5,05510,NULL,44060.0381,30486.7718,18417.2094
E-COMMERCE,cross-border,05995,NULL,0.0000,0.0000,0.0000
Central-North,CN-6,05315,NULL,55137.2474,50113.5426,22039.0763
DUMMY,DUMMY,05930,NULL,NULL,NULL,NULL
Central-South,CS-1,05656,NULL,28964.2854,0.0000,8114.4093
Central-North,CN-4,05562,NULL,48259.2007,53394.5431,18111.7054
Central,C-7,05152,NULL,87732.5959,112909.8948,33323.6199
South-East,SE-3,0597,NULL,83929.8019,80988.8571,33902.1730
Central-South,CS-3,05381,NULL,35126.3810,28454.7244,11777.2574
Central,C-6,05463,NULL,0.0000,73459.8961,0.0000
DUMMY,DUMMY,05885,NULL,NULL,NULL,NULL
Central-North,CN-8,05156,NULL,96990.3914,75634.3248,33962.7534
Central-South,CS-1,05314,NULL,42653.9151,51373.2000,13870.0102
North,N-1,05627,NULL,58647.1903,51535.9246,22574.1052
North,N-1,05559,NULL,97190.5146,82247.0955,29824.8106
North,N-2,05549,NULL,39151.0476,44689.4959,15676.7141
Central,C-1,05462,NULL,139294.0674,161398.7432,57087.3908
North-East,NE-7,05190,NULL,61805.7621,72971.7899,20654.5527
DUMMY,DUMMY,05922,NULL,NULL,NULL,NULL
Central-North,CN-3,05282,NULL,156671.5764,135503.0010,57196.5145
CLOSE,CLOSE,05287,NULL,NULL,NULL,NULL
DUMMY,DUMMY,05910,NULL,NULL,NULL,NULL
CLOSE,CLOSE,05135,NULL,NULL,NULL,NULL
DUMMY,DUMMY,05901,NULL,NULL,NULL,NULL
Central-North,CN-4,05368,NULL,90173.2682,101018.4672,31044.2199
Central,C-4,0580,NULL,202072.6815,182563.5134,99121.8011
Central-North,CN-3,05208,NULL,61903.5143,86292.8763,24157.7432
North-East,NE-3,05353,NULL,113774.9023,108495.4499,36958.5434
Central-South,CS-4,05369,NULL,35740.4964,84938.2017,10144.7624
Central,C-1,05545,NULL,27764.9389,34905.7048,11760.9436
DUMMY,DUMMY,05935,NULL,NULL,NULL,NULL
North-East,NE-5,05301,NULL,117260.6008,110866.1342,39150.9438
North,N-1,05605,NULL,222857.3019,202368.7531,60780.0872
South-East,SE-4,05531,NULL,72200.5480,64631.4474,23894.5990
Central-North,CN-4,05221,NULL,139177.8534,134292.9250,42671.0670
North-East,NE-5,05588,NULL,65011.1721,81302.5722,16651.6768
DUMMY,DUMMY,05934,NULL,NULL,NULL,NULL
Central,C-5,05105,NULL,52368.0595,60749.5334,17428.2473
Central-North,CN-8,05183,NULL,49397.0722,57588.3996,13710.0292
North,N-3,05450,NULL,30038.9712,29975.3818,8164.6098
Central-South,CS-2,05112,NULL,57780.5040,56204.7812,20576.9345
Central-South,CS-4,05423,NULL,46492.5152,53717.0668,19108.5715
North-East,NE-1,05253,NULL,96082.5340,69457.7337,29912.3525
North-East,NE-7,05465,NULL,198523.2617,181484.7708,80197.1263
Central,C-3,05474,NULL,53812.3715,80642.3715,21057.5621
Central-South,CS-4,05389,NULL,46110.7818,55725.4296,17421.6575
NULL,,050,NULL,NULL,NULL,NULL
Central-South,CS-3,05514,NULL,19772.5810,23540.6380,7085.1902
South-East,SE-2,05339,NULL,38969.0382,31545.6759,11262.8571
South-East,SE-1,05407,NULL,74357.8193,79586.2100,44465.3235
South-East,SE-5,0561,NULL,127870.9520,141792.7422,39820.7529
Central-South,CS-2,05607,NULL,50181.0904,46205.4664,12834.6098
Central-North,CN-2,0587,NULL,85584.1002,76428.5812,32460.3907
South-East,SE-5,05587,NULL,15103.0856,16210.3052,5329.8096
Central-South,CS-1,05308,NULL,95621.6251,76803.2199,20630.8959
South-East,SE-3,05433,NULL,47474.2482,51367.6385,18937.0574
Central,C-8,05377,NULL,62744.1805,61389.5816,29178.4763
DUMMY,DUMMY,05932,NULL,NULL,NULL,NULL
North-East,NE-7,05631,NULL,54432.8671,37347.0668,20379.9054
North-East,NE-6,0565,NULL,216260.2192,233014.9551,65053.8390
North-East,NE-1,05416,NULL,69792.0181,97408.3144,29515.5531
North-East,NE-1,05234,NULL,69989.9810,86849.0761,29102.6286
South-East,SE-2,05564,NULL,39982.0715,43647.0379,15744.2952
Central,C-3,05330,NULL,56298.2487,92563.9815,26323.3722
Central-North,CN-5,05194,NULL,67289.4476,63034.7056,19664.1622
Central,C-8,05516,NULL,119502.9100,213451.3000,36871.4700
CLOSE,CLOSE,05509,NULL,NULL,NULL,NULL
North,N-2,05233,NULL,60358.0953,52602.4568,19869.4291
Central-North,CN-7,05641,NULL,88770.2770,0.0000,32679.9336
DUMMY,DUMMY,05921,NULL,NULL,NULL,NULL
North-East,NE-6,05547,NULL,42740.8194,42894.7239,12625.5910
South-East,SE-1,05359,NULL,36354.5431,53528.6379,14635.7429
North,N-4,0566,NULL,71297.0478,65631.1524,15043.2571
Central-North,CN-1,05472,NULL,83700.3718,117513.3053,21524.1618
South-East,SE-3,05413,NULL,30223.4099,46597.4014,9152.2192
South-East,SE-5,05276,NULL,57216.9624,58274.6204,21850.4385
North-East,NE-3,05115,NULL,111458.4488,128336.3343,29327.6770
North,N-5,05232,NULL,56518.9341,83987.5628,18405.6671
North-East,NE-2,05661,NULL,0.0000,0.0000,0.0000
Central-South,CS-3,05492,NULL,62077.0008,66173.1153,22902.4105
Central,C-8,05319,NULL,65722.2211,64912.6194,34595.6492
Central,C-7,05420,NULL,49618.3515,38503.1603,20451.8948
CLOSE,CLOSE,0538,NULL,NULL,NULL,NULL
Central-North,CN-6,05668,NULL,NULL,NULL,NULL
CLOSE,CLOSE,05481,NULL,NULL,NULL,NULL
North,N-5,05235,NULL,52304.0869,49271.9531,19390.1345
Central-North,CN-8,05148,NULL,65235.5716,24881.3426,20252.5338
CLOSE,CLOSE,05214,NULL,NULL,NULL,NULL
North,N-2,0523,NULL,792644.1491,704002.8571,359990.4732
Central,C-7,0598,NULL,41983.0759,51146.2563,16753.3618
North,N-3,05182,NULL,90116.8289,129022.1615,25732.9339
North-East,NE-4,05261,NULL,46661.2768,52697.2113,15305.2201
Central-North,CN-8,05230,NULL,37106.0949,60652.3340,10346.6287
South-East,SE-1,05428,NULL,64226.5601,73304.4400,34087.3401
E-COMMERCE,YAHOO,05987,NULL,499.0572,211412.4668,0.0000
North-East,NE-3,05436,NULL,66750.8487,58805.0111,21077.6489
North-East,NE-3,05543,NULL,50604.9152,45987.9337,17325.9626
DUMMY,DUMMY,05980,NULL,NULL,NULL,NULL
DUMMY,DUMMY,05887,NULL,NULL,NULL,NULL
South-East,SE-5,05363,NULL,35903.4288,34429.7909,15240.5430
Central-North,CN-7,05494,NULL,114151.5810,157853.2673,39427.0860
Central-North,CN-4,05586,NULL,31037.4292,30585.9048,11584.6861
Central-South,CS-2,05529,NULL,35011.0100,38553.3437,12432.7528
Central,C-1,05640,NULL,93941.2946,0.0000,32185.1519
CLOSE,CLOSE,05386,NULL,NULL,NULL,NULL
Central-North,CN-5,05511,NULL,0.0000,73966.0860,0.0000
Central-South,CS-2,05250,NULL,57457.3544,59589.1625,24830.6283
Central,C-2,05139,NULL,77979.5773,91982.1516,31503.9435
E-COMMERCE,7-11,05992,NULL,236382.4482,123399.1335,73954.3725
North-East,NE-6,05206,NULL,66610.8862,80327.4190,25399.4291
Central-South,CS-2,05268,NULL,45552.3714,46295.2286,19418.7813
Central-North,CN-8,05150,NULL,54082.4813,60123.8671,14239.0292
North-East,NE-5,0599,NULL,68189.9817,75765.4570,17923.2766
Central-North,CN-6,05299,NULL,56243.1154,55668.5431,23229.1534
CLOSE,CLOSE,05374,NULL,NULL,NULL,NULL
Central-South,CS-2,05244,NULL,40202.1903,43606.4288,13550.8569
Central,C-6,05415,NULL,16989.1144,30597.5999,5914.7812
Central-North,CN-5,05618,NULL,46084.3150,38096.5816,18835.5338
North,N-2,05399,NULL,54890.5716,54288.6590,15559.5145
DUMMY,DUMMY,05889,NULL,NULL,NULL,NULL
Central-North,CN-2,05495,NULL,34748.4908,48823.9435,7261.2099
Central-South,CS-2,05506,NULL,66044.0484,70382.1153,22174.3530
DUMMY,DUMMY,05917,NULL,NULL,NULL,NULL
Central-North,CN-5,05440,NULL,92845.2596,135702.8676,35621.6395
South-East,SE-4,05601,NULL,41830.7144,37374.5424,12007.7240
Central,C-6,05634,NULL,32592.7051,36612.1246,11007.6671
Central-South,CS-1,05579,NULL,27144.1908,41148.9047,7407.3147
North-East,NE-5,05272,NULL,95246.0511,124658.3626,28946.0488
Central,C-8,05452,NULL,44226.4105,46311.4671,18800.1247
Central,C-1,05670,NULL,NULL,NULL,NULL
North,N-4,05503,NULL,47680.1708,47378.0383,12478.0189
Central,C-7,05229,NULL,88050.9673,143009.5702,34049.0959
North,N-3,05138,NULL,85004.7234,151933.6203,28316.7146
DUMMY,DUMMY,05985,NULL,NULL,NULL,NULL
Central-South,CS-1,05538,NULL,34261.4722,38913.6094,9454.4006
South-East,SE-3,05294,NULL,55550.5530,61426.9817,12094.8386
North,N-4,05650,NULL,63227.3908,0.0000,20591.9620
Central,C-4,05485,NULL,63458.2107,54758.1524,32211.2013
Central-North,CN-3,05471,NULL,78499.5332,82745.1138,26735.5431
South-East,SE-5,05352,NULL,20205.8860,39381.7908,8303.8002
Central-South,CS-3,05376,NULL,108728.9821,98064.2188,44442.5622
South-East,SE-4,05292,NULL,35367.4573,35725.0859,8227.1050
Central-North,CN-7,05273,NULL,73507.8529,93569.2102,23797.5246
Central-North,CN-6,05168,NULL,29237.4383,47442.7524,9798.9240
Central,C-7,05571,NULL,31959.8475,46687.0953,10511.4005
North-East,NE-5,05455,NULL,91772.1616,98883.4679,27749.4774
North,N-1,05202,NULL,NULL,NULL,NULL
CLOSE,CLOSE,05458,NULL,NULL,NULL,NULL
Central-North,CN-1,05174,NULL,168737.9594,162202.3134,50776.0762
Central-North,CN-6,05461,NULL,60551.5722,81462.3628,16233.0573
Central,C-6,05483,NULL,74089.3764,66048.4954,24687.1908
North-East,NE-4,05264,NULL,57847.3618,64253.8376,20059.8862
Central,C-5,05212,NULL,80089.1998,90873.8484,22112.9241
Central,C-2,05143,NULL,72444.6286,54778.2101,30366.5239
DUMMY,DUMMY,05915,NULL,NULL,NULL,NULL
North-East,NE-2,05541,NULL,42329.2861,39923.0000,13493.0670
Central,C-1,05424,NULL,83536.6856,96170.9916,39483.6863
South-East,SE-4,05324,NULL,19391.3931,28246.2000,6669.5618
North-East,NE-6,05215,NULL,NULL,NULL,NULL
North-East,NE-3,05460,NULL,67972.8622,73886.5997,16949.7141
NULL,,99999,NULL,NULL,NULL,NULL
North-East,NE-5,05122,NULL,176124.7289,146463.4948,66082.7530
Central,C-4,05486,NULL,70901.3050,87248.7045,17702.9339
Central,C-2,05405,NULL,64109.2915,52757.2103,20906.5246
Central,C-5,0513,NULL,34466.3379,42383.3338,11124.6762
Central,C-7,0521,NULL,87962.8297,108982.7993,25833.1437
South-East,SE-4,05632,NULL,36700.8854,79246.6662,16333.3335
Central-North,CN-5,05226,NULL,56185.3383,46994.9151,24261.3718
Central-North,CN-7,05395,NULL,30432.2010,38657.6195,12287.3244
Central-South,CS-3,05577,NULL,49131.3794,70901.5627,17151.8672
North-East,NE-3,05491,NULL,79729.4137,68809.9343,24166.7142
North-East,NE-2,05354,NULL,157538.2582,182085.1440,41177.6962
Central-South,CS-4,05626,NULL,0.0000,32619.7059,0.0000
North-East,NE-5,05507,NULL,66607.1336,72735.9148,24181.1623
Central-South,CS-2,05544,NULL,45811.9055,47366.6009,18068.4007
North-East,NE-6,05660,NULL,0.0000,0.0000,0.0000
North-East,NE-6,05593,NULL,49338.7923,33341.9623,26031.1611
South-East,SE-6,05366,NULL,39516.3574,80539.6001,9613.6668
North-East,NE-3,05417,NULL,54568.1024,64595.8670,14544.9812
Central,C-7,05561,NULL,32791.3809,50329.0486,12489.8093
North-East,NE-7,0582,NULL,369348.7352,292387.8174,146395.9542
DUMMY,DUMMY,05983,NULL,NULL,NULL,NULL
South-East,SE-1,05595,NULL,60325.1434,33500.4571,23747.6484
South-East,SE-6,05205,NULL,39992.1763,45703.3537,11419.9053
North-East,NE-2,05187,NULL,78122.7253,80648.7339,21159.9342
Central-North,CN-1,05180,NULL,86339.5628,126532.4668,24146.5349
E-COMMERCE,FAMILY_MART_(FM),05970,NULL,44410.4854,67667.6191,14638.0001
South-East,SE-4,0560,NULL,116499.2332,151483.4391,48356.7238
CLOSE,CLOSE,05239,NULL,NULL,NULL,NULL
South-East,SE-1,05411,NULL,40657.6958,47182.2662,10775.2192
Central-South,CS-1,05638,NULL,22121.6100,28341.3531,11764.1333
Central-North,CN-3,05467,NULL,83595.9155,88438.8388,31956.4865
Central,C-4,05522,NULL,26070.4291,39780.0477,8823.0383
Central-South,CS-4,05317,NULL,0.0000,44703.9617,0.0000
North-East,NE-3,059,NULL,44023.0003,78443.3151,13563.3814
South-East,SE-3,05211,NULL,56820.9671,62048.8389,19090.6578
CLOSE,CLOSE,05362,NULL,NULL,NULL,NULL
CLOSE,CLOSE,05246,NULL,NULL,NULL,NULL
Central-South,CS-1,05402,NULL,39591.0377,36770.1245,10510.6385
North-East,NE-6,05606,NULL,44208.1437,36550.9345,15819.9337
North,N-4,0527,NULL,131668.4542,95693.6390,41634.0196
South-East,SE-3,05489,NULL,0.0000,131807.3622,0.0000
South-East,SE-4,05515,NULL,22986.5524,18173.9528,7638.3239
CLOSE,CLOSE,05523,NULL,NULL,NULL,NULL
North,N-2,05254,NULL,61670.0392,64708.7828,17622.5431
Central-South,CS-1,05397,NULL,38610.1246,42334.8482,9438.0383
Central,C-4,05176,NULL,34393.5245,37536.5913,13517.0767
North-East,NE-5,0551,NULL,84232.5104,98593.9064,22739.5622
North-East,NE-4,05642,NULL,70556.2529,0.0000,20182.1437
Central,C-3,05419,NULL,71073.1441,60169.0009,27274.7436
North-East,NE-5,05524,NULL,45450.1811,32680.0777,14845.6574
Central,C-3,0540,NULL,218817.4291,176189.9431,105508.3432
North-East,NE-5,05164,NULL,66162.9821,83050.3045,17676.6675
Central,C-6,05278,NULL,NULL,NULL,NULL
Central-North,CN-4,05500,NULL,110229.2956,97838.3434,28987.7524
Central-North,CN-2,05556,NULL,37994.1719,37924.3721,13126.0768
Central,C-2,05422,NULL,91211.0530,79848.9624,29032.5341
CLOSE,CLOSE,05344,NULL,NULL,NULL,NULL
Central-South,CS-4,0589,NULL,66852.5819,71970.4496,22689.6290
Central-South,CS-1,05388,NULL,25009.6288,47639.0481,8583.7528
Central-North,CN-3,05473,NULL,52862.7861,67052.9535,19013.1717
Central-North,CN-6,05118,NULL,105763.6088,131977.9619,32547.7332
North-East,NE-4,0535,NULL,37115.5768,37083.5047,14442.6193
Central-South,CS-3,0577,NULL,44533.7624,54670.7993,19761.9910
North,N-1,05154,NULL,203630.9356,199346.3164,52016.8107
Central,C-7,05508,NULL,52217.1764,74667.0868,11471.3241
Central-South,CS-2,05320,NULL,56459.0293,68556.6765,22434.5913
Central,C-7,05128,NULL,48003.2776,50244.8008,19178.9340
Central-North,CN-7,05542,NULL,25604.6479,31168.0192,8243.9337
South-East,SE-2,05573,NULL,29738.7619,28440.4479,10222.8858
Central,C-4,05437,NULL,87578.6433,89550.1910,28656.3820
South-East,SE-5,05414,NULL,141833.5096,148987.5253,46748.2108
E-COMMERCE,YAHOO,05953,NULL,0.0000,0.0000,0.0000
Central,C-2,05274,NULL,67484.5272,60042.9522,27679.4770
North,N-4,05602,NULL,34427.0467,31631.3811,7590.1335
Central-North,CN-7,05513,NULL,42659.8674,43707.0280,13276.5051
Central-South,CS-3,05663,NULL,0.0000,0.0000,0.0000
Central-South,CS-1,05341,NULL,57878.6102,53924.8959,15584.3336
Central-North,CN-2,0562,NULL,194831.3009,237126.3333,58304.6677
South-East,SE-6,05351,NULL,39223.0576,48068.0772,11370.7426
South-East,SE-6,05270,NULL,38406.7525,34581.5906,11811.3428
North,N-4,05468,NULL,35587.5527,29112.7335,7320.8575
E-COMMERCE,7-11,05988,NULL,90724.7805,52125.7140,24357.9233
Central,C-8,05355,NULL,75759.0002,74122.9245,30610.4477
CLOSE,CLOSE,05387,NULL,NULL,NULL,NULL
Central-North,CN-7,05104,NULL,71787.6398,119565.9521,21671.3721
Central-North,CN-8,05480,NULL,80440.2398,75981.9430,26817.3056
Central-South,CS-3,0570,NULL,53551.3359,63748.1228,15264.8285
Central-North,CN-2,0591,NULL,62831.1813,60105.5914,20052.8771
Central-South,CS-4,05350,NULL,43273.9334,35007.0954,20725.6857
Central,C-2,05193,NULL,75668.9147,85006.4664,28010.9716
Central-North,CN-7,05570,NULL,42579.5809,76352.9343,13441.8001
Central-South,CS-1,05645,NULL,32509.4578,0.0000,10663.0574
CLOSE,CLOSE,05445,NULL,NULL,NULL,NULL
South-East,SE-6,05449,NULL,39422.2386,43709.6002,15607.6099
North-East,NE-6,05609,NULL,52941.9431,40145.0763,19092.0765
Central-North,CN-4,05644,NULL,51189.0098,0.0000,14563.7240
North-East,NE-3,05610,NULL,66282.1640,57291.0190,19199.8488
Central,C-2,05520,NULL,39180.6183,54910.8481,16690.9522
Central-North,CN-1,05479,NULL,60270.6536,72999.8386,18158.8767
Central-North,CN-4,05552,NULL,0.0000,96238.7996,0.0000
Central,C-3,05519,NULL,90138.5722,142596.9226,27435.7054
Central,C-3,05269,NULL,69600.0861,78406.2002,25979.4383
Central,C-2,05159,NULL,111612.5053,108808.0673,34450.6387
Central-North,CN-6,05201,NULL,79324.5257,53600.5814,35058.6968
Central-South,CS-3,05478,NULL,64047.6469,48211.4677,23227.4858
South-East,SE-3,05654,NULL,15495.1050,0.0000,5873.5431
Central-North,CN-2,05539,NULL,55378.0506,77396.6096,14891.6860
Central-South,CS-4,05371,NULL,35798.8948,43290.9250,16476.0569
South-East,SE-6,05326,NULL,41565.9905,52195.2863,15742.3619
NULL,,991001,NULL,NULL,NULL,NULL
North,N-5,05160,NULL,45864.2482,44984.0760,14958.3147
Central,C-1,05312,NULL,68930.8263,70998.3431,23207.5809
North,N-3,05358,NULL,90939.0630,101058.3524,28581.0867
Central-North,CN-5,05665,NULL,0.0000,0.0000,0.0000
North,N-4,05241,NULL,100320.3179,87333.1676,37512.1518
Central-North,CN-2,05266,NULL,117436.2973,118774.6108,38295.6769
South-East,SE-1,05305,NULL,86440.7700,97400.4200,29361.8500
Central,C-5,05566,NULL,41091.9342,34938.4960,14849.2291
Central,C-5,05361,NULL,83268.2968,97061.9054,23225.7248
Central,C-3,05394,NULL,115929.3229,82977.6764,17014.4007
Central,C-6,05304,NULL,29491.3148,59641.9902,10733.0099
Central-North,CN-4,05662,NULL,0.0000,0.0000,0.0000
DUMMY,DUMMY,05982,NULL,NULL,NULL,NULL
Central-North,CN-2,0574,NULL,45310.2292,82457.8205,16737.1336
DUMMY,DUMMY,05884,NULL,NULL,NULL,NULL
South-East,SE-4,0571,NULL,27441.3904,28994.0570,11630.0288
North-East,NE-5,05614,NULL,53169.5914,58829.7822,16459.4958
North-East,NE-2,05649,NULL,29902.9433,0.0000,10161.0001
South-East,SE-4,05390,NULL,45301.6391,48953.5812,17959.1148
North,N-2,0537,NULL,125393.6275,69735.6001,44940.3712
Central-North,CN-1,05165,NULL,72226.1347,77173.1347,23118.9054
North-East,NE-5,05288,NULL,74415.7814,109580.2753,22085.0105
North-East,NE-3,05443,NULL,40095.8467,48463.9050,11852.4763
North-East,NE-2,0531,NULL,637965.0455,462089.1615,233202.4495
Central,C-5,05429,NULL,28529.2289,31154.5046,7843.7528
Central-North,CN-8,05604,NULL,38094.6192,30732.0866,15608.2004
South-East,SE-4,05248,NULL,134533.6767,149907.4297,65787.9727
Central,C-7,05643,NULL,28537.2957,0.0000,9400.5624
North-East,NE-4,05207,NULL,41104.0005,54734.2862,10584.2289
Central-South,CS-1,05302,NULL,83568.6206,93359.4496,25389.2107
North-East,NE-6,0510,NULL,163212.6088,179537.6473,45876.7252
CLOSE,CLOSE,05247,NULL,NULL,NULL,NULL
North,N-5,05227,NULL,55976.8570,64454.6100,16536.1341
North-East,NE-6,0556,NULL,59894.9670,103383.0961,21007.0388
Central-North,CN-7,05258,NULL,87145.2114,113831.7523,34048.3898
Central-South,CS-1,05334,NULL,37271.5811,49580.4382,13245.8576
E-COMMERCE,E-COMMERCE,05994,NULL,0.0000,0.0000,0.0000
North,N-2,0558,NULL,110420.8206,115649.6199,31176.9252
North-East,NE-1,05140,NULL,170177.9949,154039.9915,56747.8963
Central-North,CN-4,05137,NULL,71573.6623,84204.4667,25992.5528
DUMMY,DUMMY,05888,NULL,NULL,NULL,NULL
Central-North,CN-1,05297,NULL,72749.2287,71932.3719,19285.3717
South-East,SE-6,05131,NULL,69430.9871,70094.8199,27301.0197
Central-North,CN-8,05313,NULL,61639.2383,52721.6486,19391.9435
North,N-3,0533,NULL,86654.2877,85282.4383,31217.4290
North-East,NE-4,05225,NULL,119263.5813,134264.8670,35216.1817
Central-South,CS-2,05406,NULL,74241.1010,64445.0677,31830.4486
Central,C-6,0592,NULL,67391.8958,88342.5619,28330.3720
South-East,SE-1,05448,NULL,62280.0421,65892.4571,23853.8394
North,N-5,0553,NULL,55675.2599,87385.6579,18731.3340
Central-North,CN-2,05265,NULL,88256.5525,79995.0755,29925.9906
CLOSE,CLOSE,05459,NULL,NULL,NULL,NULL
North-East,NE-6,05249,NULL,144191.4753,155144.2959,49456.2570
South-East,SE-5,05410,NULL,75792.5516,60351.8777,31514.2280
South-East,SE-3,05127,NULL,51604.5238,51686.2566,22162.2477
South-East,SE-1,05585,NULL,27652.4480,35341.1620,11816.3619
North-East,NE-2,05630,NULL,109600.3225,129061.1642,45316.1130
E-COMMERCE,YAHOO,05952,NULL,0.0000,0.0000,0.0000
North,N-5,05435,NULL,62801.4192,78638.4480,24125.8761
North,N-4,0590,NULL,166229.4357,171482.5714,51169.7903
North-East,NE-4,05108,NULL,180348.1625,208744.1148,70822.1915
North-East,NE-3,0511,NULL,204959.7589,182000.7816,74923.7546
Central,C-6,05146,NULL,56317.4041,62246.2371,21460.5714
CLOSE,CLOSE,05192,NULL,NULL,NULL,NULL
South-East,SE-3,05325,NULL,37964.9932,40503.6387,7758.7715
North-East,NE-7,05329,NULL,75403.0396,91108.7151,20415.0198
Central,C-2,05671,NULL,NULL,NULL,NULL
South-East,SE-2,05134,NULL,53819.3048,40253.5144,18947.7046
South-East,SE-3,05177,NULL,80695.4578,108020.8950,35006.1810
North,N-4,05120,NULL,77062.7907,84096.0485,22266.1715
Central,C-8,05493,NULL,217938.8200,278771.5800,65957.4300
North-East,NE-6,0576,NULL,124930.6508,124362.5804,41939.5912
Central,C-8,05124,NULL,64593.5626,80958.4387,22213.2292
Central-North,CN-4,05615,NULL,32698.1339,27888.5812,12224.6099
North,N-3,05158,NULL,78764.7349,68158.2384,19847.7433
Central,C-7,05594,NULL,34252.5626,39904.2853,15498.8672
North,N-5,05203,NULL,72328.7626,62091.4291,21142.0104
North-East,NE-2,05557,NULL,49044.5815,39814.9619,14607.5049
Central-North,CN-3,05267,NULL,0.0000,106146.1245,0.0000
South-East,SE-2,05255,NULL,75214.1807,89594.1635,27716.4189
Central,C-1,05427,NULL,33701.4486,50085.7822,7792.9716
Central-North,CN-7,05400,NULL,64849.6957,87017.2294,21428.3628
Central,C-2,05430,NULL,33978.6948,42484.2670,13909.0282
Central-North,CN-4,05651,NULL,80972.6860,0.0000,31358.6003
North-East,NE-3,05421,NULL,50645.2386,50431.2953,14585.1434
Central,C-5,05256,NULL,57701.2377,76777.9427,22147.9332
North-East,NE-1,05501,NULL,46760.6289,49926.2864,14542.5906
Central-North,CN-1,05277,NULL,114392.7910,121694.3633,39831.3723
CLOSE,CLOSE,05574,NULL,NULL,NULL,NULL
Central,C-1,05346,NULL,61498.2188,61648.8383,22120.9520
Central,C-6,05646,NULL,40220.5237,0.0000,13464.8768
North,N-2,05580,NULL,41575.3237,50790.8673,10345.4193
North-East,NE-2,05107,NULL,68072.8392,82474.1617,22541.3817
South-East,SE-6,05349,NULL,30861.3063,28583.4390,13653.6768
North,N-1,05639,NULL,124818.8718,0.0000,49514.9053
Central-North,CN-4,05385,NULL,75538.3056,74868.6284,24333.2675
CLOSE,CLOSE,05442,NULL,NULL,NULL,NULL
North-East,NE-7,05141,NULL,56545.1054,47472.5151,16654.1908
Central,C-1,05432,NULL,54030.8203,69912.6763,23985.3147
North-East,NE-4,05563,NULL,36073.5626,35414.0479,11687.9240
CLOSE,CLOSE,05296,NULL,NULL,NULL,NULL
North,N-5,05581,NULL,57354.6385,69203.6020,16419.0002
Central,C-3,05393,NULL,70857.6542,62689.7431,21704.3153
Central,C-3,05337,NULL,75526.4778,80475.5145,28174.0867
Central,C-2,05167,NULL,80116.4575,69683.4859,27872.2571
North,N-5,05166,NULL,63237.7825,85912.6571,17202.8968
Central-North,CN-7,05532,NULL,22541.1626,33364.4572,7674.5909
Central,C-1,0529,NULL,530164.0893,458053.1445,245741.6688
North,N-2,05454,NULL,59893.7624,86816.8863,16288.2003
Central-North,CN-2,05431,NULL,55187.0762,76021.0190,26326.0772
Central-North,CN-5,05303,NULL,NULL,NULL,NULL
North,N-3,05598,NULL,31977.6294,33285.1429,8647.3150
North-East,NE-6,05223,NULL,55831.2960,72140.0098,16004.9908
DUMMY,DUMMY,05933,NULL,NULL,NULL,NULL
North-East,NE-5,05199,NULL,50037.1533,59556.1244,15873.7717
North,N-1,05490,NULL,276136.1053,167520.9426,89291.0865
North-East,NE-2,05123,NULL,105090.8571,129691.5533,38902.8766
Central-North,CN-5,05132,NULL,142063.0015,110441.2878,46885.5153
Central-North,CN-7,05347,NULL,49482.9426,64837.5622,17321.9147
Central,C-5,05391,NULL,89426.5051,87078.5045,54534.3434
North,N-5,05537,NULL,61356.0780,49133.7812,21642.9047
North,N-5,05617,NULL,36455.5141,40041.3146,10848.9909
North-East,NE-4,05551,NULL,35035.6285,36646.3815,10593.3622
Central-North,CN-6,05622,NULL,38192.9151,38383.0102,14495.6866
Central-South,CS-1,05113,NULL,40689.2106,45092.0851,18000.7718
North,N-1,05173,NULL,NULL,NULL,NULL
NULL,,050,NULL,NULL,NULL,NULL
NULL,,991000,NULL,NULL,NULL,NULL
Central,C-6,05600,NULL,50475.5529,41562.6766,21922.1334
Central-South,CS-4,05620,NULL,18130.9336,31347.5713,8883.2482
CLOSE,CLOSE,05321,NULL,NULL,NULL,NULL
South-East,SE-5,05434,NULL,77587.8292,88938.5132,27836.4769
South-East,SE-4,05307,NULL,59926.8314,52046.4084,21836.4478
Central,C-3,05403,NULL,56068.8773,50331.5147,21945.7435
CLOSE,CLOSE,05332,NULL,NULL,NULL,NULL
Central,C-6,0595,NULL,44761.0201,60944.3914,13803.7818
South-East,SE-3,05188,NULL,56205.5857,58844.6482,23191.4096
TMALL,TMALL,05962,NULL,0.0000,1302.2700,0.0000
Central-North,CN-1,05488,NULL,32853.1810,40635.8287,14476.0005
Central-North,CN-3,05658,NULL,41731.8475,0.0000,12005.7240
Central-North,CN-3,05567,NULL,0.0000,11458.6572,0.0000
NULL,NULL,NULL,NULL,NULL,NULL,NULL
North,N-2,05328,NULL,61743.6675,59552.7907,19271.4293
Central,C-3,0593,NULL,59968.0489,147712.2961,20355.9246
DUMMY,DUMMY,05918,NULL,NULL,NULL,NULL
DUMMY,DUMMY,05919,NULL,NULL,NULL,NULL
North,N-5,05196,NULL,54875.4394,57635.0769,18222.3245
South-East,SE-2,05372,NULL,38740.5014,46507.0187,12059.2198
North-East,NE-2,05534,NULL,110417.3785,158286.2778,34648.6276
Central,C-4,0588,NULL,100508.6784,119526.8567,30426.9248
Central-North,CN-6,05109,NULL,50090.2766,60893.6189,14060.2195
Central,C-2,05101,NULL,83590.7054,120325.6949,26985.1243
South-East,SE-4,05457,NULL,35731.0575,45898.2381,13530.6382
CLOSE,CLOSE,05238,NULL,NULL,NULL,NULL
South-East,SE-6,05611,NULL,0.0000,19803.4478,0.0000
South-East,SE-2,05599,NULL,76915.2143,49196.5237,19049.1615
South-East,SE-2,05163,NULL,61780.7870,57625.8284,18436.7146
Central-North,CN-5,05623,NULL,51644.3724,49080.9621,15459.5719
North,N-5,05575,NULL,0.0000,25985.8193,0.0000
DUMMY,DUMMY,05984,NULL,NULL,NULL,NULL
North-East,NE-5,05133,NULL,50937.4198,61992.6196,18696.2676
North,N-5,05378,NULL,65212.5721,98443.5913,17628.4387
Central,C-6,05375,NULL,23922.8261,22105.3335,6402.5144
Central,C-1,05505,NULL,50523.5153,47647.0012,16517.4767
Central,C-8,05110,NULL,36419.0281,54480.8949,12487.7620
Central-North,CN-4,05169,NULL,100593.9819,130430.7995,33229.8391
North-East,NE-2,05181,NULL,71579.9531,73466.4973,23321.6197
North,N-3,05451,NULL,79980.6012,104381.0379,24121.2674
South-East,SE-5,05291,NULL,151210.7015,76382.5236,52418.1052
Central-North,CN-7,05281,NULL,61409.6960,64535.7053,17876.4293
South-East,SE-2,05558,NULL,33164.1629,32095.5812,10105.8485
Central-North,CN-1,05323,NULL,90720.9870,95233.2772,25927.2585
DUMMY,DUMMY,05920,NULL,NULL,NULL,NULL
Central-North,CN-5,0596,NULL,82858.2100,100559.3517,29767.3532
North,N-4,05170,NULL,60622.0375,76374.9897,19742.7525
Central-South,CS-4,05259,NULL,42142.9029,101507.1709,14533.0288
Central-North,CN-1,05149,NULL,43989.8961,54685.4863,16845.1814
Central,C-8,05126,NULL,40481.0485,49902.1137,19339.1818
South-East,SE-5,05590,NULL,0.0000,0.0000,0.0000
Central-North,CN-4,05260,NULL,60866.0190,66376.4959,25272.9146
Central-North,CN-8,05217,NULL,55408.3434,67511.5717,16945.7048
South-East,SE-1,05439,NULL,84090.0581,86515.2957,25783.8669
Central-South,CS-2,05331,NULL,40218.5814,63986.7815,15500.6957
Central-North,CN-5,05584,NULL,67070.3428,72515.5911,19687.3907
North-East,NE-7,05119,NULL,128069.3543,123685.9447,41694.2680
North-East,NE-1,05521,NULL,47865.2671,57798.2675,10281.4195
TMALL,TMALL,05961,NULL,0.0000,86547.2502,0.0000
DUMMY,DUMMY,05911,NULL,NULL,NULL,NULL
South-East,SE-1,05222,NULL,37843.2302,35158.2567,10860.7626
Central-North,CN-7,05666,NULL,0.0000,0.0000,0.0000
Central-North,CN-2,05512,NULL,75259.7523,77318.2189,21289.4194
Central-North,CN-6,05446,NULL,47846.2810,58879.2671,17096.2381
North-East,NE-1,0564,NULL,166303.3906,154422.5807,61182.3813
North-East,NE-2,05360,NULL,30693.9240,30426.7053,11771.2381
North,N-4,05667,NULL,0.0000,0.0000,0.0000
Central-South,CS-2,05664,NULL,0.0000,0.0000,0.0000
Central-North,CN-6,05316,NULL,48542.6008,41117.0774,10460.1245
North,N-5,05591,NULL,24435.0480,40971.6003,8197.0101
Central,C-5,05408,NULL,51134.6665,77797.5823,15832.2573
Central,C-2,0543,NULL,40360.5837,59491.9432,9735.2572
South-East,SE-5,05306,NULL,61880.4771,49086.7530,23513.9911
North-East,NE-1,05335,NULL,70635.5820,65223.7813,20661.1150
DUMMY,DUMMY,05914,NULL,NULL,NULL,NULL
Central,C-3,05425,NULL,87348.8476,89796.2189,25118.7818
North-East,NE-7,05499,NULL,83388.1436,87953.7338,26019.0964
CLOSE,CLOSE,0550,NULL,NULL,NULL,NULL
Central-North,CN-8,05262,NULL,29105.0959,35186.0282,11624.7243
North-East,NE-6,05535,NULL,0.0000,25402.5237,0.0000
CLOSE,CLOSE,0585,NULL,NULL,NULL,NULL
Central,C-4,058,NULL,80962.5105,64917.7809,34714.8391
North-East,NE-1,05603,NULL,76495.5235,105570.0005,21847.2858
Central-North,CN-5,05536,NULL,67520.8323,83840.2974,24115.8672
Central-North,CN-5,05657,NULL,100937.1242,0.0000,38679.0480
Central-North,CN-8,05224,NULL,50317.5720,42086.6760,14673.4670
Central,C-6,05318,NULL,42021.5807,62736.2771,17531.8763
